username,username2,username3,title,note,url,category,otpUrl
jackneedham9494@gmail.com,,,udemy.com,,udemy.com,Other,
jackneedham9494@gmail.com,,,opentable.co.uk,,opentable.co.uk,Other,
jackneedham9494@gmail.com,,,rewardgateway.co.uk,,rewardgateway.co.uk,Other,
jackneedham9494@gmail.com,,,service.gov.uk,,service.gov.uk,Other,
jackneedham9494@gmail.com,,,papajohns.co.uk,,papajohns.co.uk,Other,
jackneedham9494@gmail.com,,,reebok.com,,reebok.com,Other,
jackneedham9494@gmail.com,,,mysheffieldjobs.co.uk,,mysheffieldjobs.co.uk,Other,
jackneedham9494@gmail.com,,,railcard.co.uk,,railcard.co.uk,Other,
jackneedham9494@gmail.com,,,myfitnesspal.com,,myfitnesspal.com,Other,
jackneedham9494@gmail.com,,,ncsoft.com,,ncsoft.com,Other,
JACKNEEDHAM9494@gmail.com,,,parcelforce.co.uk,,parcelforce.co.uk,Other,
jackneedham9494@gmail.com,,,seetickets.com,,seetickets.com,Other,
jackneedham9494@gmail.com,,,paypal.co.uk,,paypal.co.uk,Other,
jackneedham9494@gmail.com,shown,,pearsonvue.com,,pearsonvue.com,Other,
JACKNEEDHAM9494@gmail.com,,,next.co.uk,,next.co.uk,Other,
jackneedham9494@gmail.com,jackneedham9494@gmail.com,,motorola.com,,motorola.com,Other,
jackneedham9494@gmail.com,jack-needham,,songkick.com,,songkick.com,Other,
jackneedham9494@gmail.com,,,sonyentertainmentnetwork.com,,sonyentertainmentnetwork.com,Other,
jackneedham9494@gmail.com,,,pcpartpicker.com,,pcpartpicker.com,Other,
JACKNEEDHAM9494@gmail.com,,,myyodel.co.uk,,myyodel.co.uk,Other,
Jackneedham9494@gmail.com,,,recode.net,,recode.net,Other,
jackneedham9494@gmail.com,jackneedham9494@gmail.com,,partyforthepeople.org,,partyforthepeople.org,Other,
jackneedham9494@gmail.com,,,patreon.com,,patreon.com,Other,
jackneedham9494@gmail.com,,,theguardian.com,,theguardian.com,Other,
jackneedham9494@gmail.com,,,royalmail.com,,royalmail.com,Other,
jackneedham9494@gmail.com,,,netgear.com,,netgear.com,Other,
jackneedham9494@gmail.com,,,mountainwarehouse.com,,mountainwarehouse.com,Other,
jackneedham9494@gmail.com,BearWings,,nintendo-europe.com,,nintendo-europe.com,Other,
jackneedham9494@gmail.com,,,mcdonalds.co.uk,,mcdonalds.co.uk,Other,
jackneedham9494@gmail.com,,,morrisons.com,,morrisons.com,Other,
Jackneedham9494@gmail.com,,,oneplus.net,,oneplus.net,Other,
jackneedham9494@gmail.com,,,northernrail.org,,northernrail.org,Other,
jackneedham9494@gmail.com,,,deliveroo.co.uk,,deliveroo.co.uk,Other,
jackneedham9494@gmail.com,,,monster.com,,monster.com,Other,
jackneedham9494@gmail.com,,,audible.co.uk,,audible.co.uk,Other,
jackneedham9494@gmail.com,,,uktv.co.uk,,uktv.co.uk,Other,
jackneedham9494@gmail.com,,,admiral.com,,admiral.com,Other,
jackneedham9494@gmail.com,,,theverge.com,,theverge.com,Other,
jackneedham9494@gmail.com,,,mailonline.co.uk,,mailonline.co.uk,Other,
jackneedham9494@gmail.com,,,mathworks.com,,mathworks.com,Other,
jackneedham9494@gmail.com,,,medium.com,,medium.com,Other,
jackneedham9494@gmail.com,,,playgwent.com,,playgwent.com,Other,
jackneedham9494@gmail.com,,,peoplevalue.co.uk,,peoplevalue.co.uk,Other,
jackneedham9494@gmail.com,jackneedham9494@gmail.com,,pmstudy.com,,pmstudy.com,Other,
jackneedham9494@gmail.com,,,purplebricksmail.com,,purplebricksmail.com,Other,
jackneedham9494@gmail.com,,,rightmove.com,,rightmove.com,Other,
Jackneedham9494@gmail.com,,,pmi.org,,pmi.org,Other,
jackneedham9494@gmail.com,,,theiet.org,,theiet.org,Other,
jackneedham9494@gmail.com,,,tenancydepositscheme.com,,tenancydepositscheme.com,Other,
jackneedham9494@gmail.com,,,wolframalpha.com,,wolframalpha.com,Other,
jackneedham9494@gmail.com,34028260,,thenexusforums.com,,thenexusforums.com,,
jackneedham9494@gmail.com,TheBearWithWings,,reddit.com,,reddit.com,,
jackneedham9494@gmail.com,,,britishgas.co.uk,,http://britishgas.co.uk,Other,
jneedham@ripple.com,,,apple.com,,https://secure1.store.apple.com/uk/shop/sign_in,Other,
jackneedham9494@gmail.com,jackneedham9494,,account-nvidia.com,,account-nvidia.com,Other,
jackneedham9494@gmail.com,,,allpointseastfestival.com,,allpointseastfestival.com,Other,
jackneedham9494@gmail.com,,,airbnb.co.uk,,https://www.airbnb.co.uk/users/set_password,Other,
jackneedham9494@gmail.com,,,companieshouse.gov.uk,,companieshouse.gov.uk,Other,
jackneedham9494@gmail.com,,,dpd.co.uk,,dpd.co.uk,Other,
jackneedham9494@gmail.com,TheBearWithWings,,ea.com,,ea.com,Other,
jackneedham9494@gmail.com,,,edfringe.com,,edfringe.com,Other,
jackneedham9494@gmail.com,,,gateway.gov.uk,,gateway.gov.uk,Other,
jackneedham9494@gmail.com,,,getmimo.com,,getmimo.com,Other,
jackneedham9494@gmail.com,,,glassdoor.com,,glassdoor.com,Other,
Jackneedham9494@gmail.com,,,greenpeace.org,,greenpeace.org,Other,
jackneedham9494@gmail.com,,,herschelsupply.com,,herschelsupply.com,Other,
jackneedham9494@gmail.com,,,humblebundle.com,,humblebundle.com,Other,
jackneedham9494@gmail.com,,,ifttt.com,,ifttt.com,Other,
jackneedham9494@gmail.com,,,ikea.com,,ikea.com,Other,
jackneedham9494@gmail.com,,,imdb.com,,imdb.com,Other,
jackneedham9494@gmail.com,TheBearWithWings,,imgur.com,,imgur.com,,
jackneedham9494@gmail.com,,,infamouspapertrail.com,,infamouspapertrail.com,Other,
jackneedham9494@gmail.com,,,juul.com,,juul.com,Other,
jackneedham9494@gmail.com,,,kaspersky.com,,kaspersky.com,Other,
jackneedham9494@gmail.com,,,kuwallatee.com,,kuwallatee.com,Other,
jackneedham9494@gmail.com,,,laredoute.co.uk,,https://www.laredoute.co.uk/shoppingbasket/basketregister.aspx,Other,
jackneedham9494@gmail.com,BearWithWings,,last.fm,,last.fm,Other,
Jackneedham9494@gmail.com,,,learningpeople.co.uk,,learningpeople.co.uk,Other,
jackneedham9494@gmail.com,,,livenation.co.uk,,livenation.co.uk,Other,
jackneedham9494@gmail.com,,,lwks.com,,lwks.com,Other,
jackneedham9494@gmail.com,,,milkround.com,,milkround.com,Other,
jackneedham9494@gmail.com,,,nextemail.co.uk,,nextemail.co.uk,Other,
jackneedham9494@gmail.com,,,nmp1.com,,nmp1.com,Other,
jackneedham9494@gmail.com,,,opusrs.com,,opusrs.com,Other,
jackneedham9494@gmail.com,,,studentcashpoint.co.uk,,studentcashpoint.co.uk,Other,
jackneedham9494@gmail.com,,,soundcloud.com,,soundcloud.com,Other,
jackneedham9494@gmail.com,,,lwtheatres.co.uk,,https://tickets.lwtheatres.co.uk/order.aspx,Other,
jackneedham9494@gmail.com,,,realbuzzregistrations.com,,https://app.realbuzzregistrations.com/events/lmel/2020-cwcuk-ss-2-mile/login/,Other,
jackneedham9494@gmail.com,,,twitch.tv,,https://www.twitch.tv/dobbyclub06,Other,
jackneedham9494@gmail.com,,,guildwars2.com,,guildwars2.com,Other,
61390664413,penybryn,,studentloans.gov,,http://studentloans.gov,Other,
jneedham@ripple.com,,,Modernhealth,,http://Modernhealth,Other,
,,,ledger.com,,ledger.com,Other,
jackneedham9494@gmail.com,,,atlassian.com,,https://id.atlassian.com/login/changepassword,Other,
JACKNEEDHAM9494@gmail.com,,,,,https://www.thetrainline.com/my-account/change-password,Other,
jackneedham9494@gmail.com,,,ninjatune.net,,https://ninjatune.net/forgotten/6b5e867f2ac66ca5fbd9b76a88ebdb7a,Other,
mewcx,,,nlbmnnijcnlegkjjpcfjclmcfggfefdm,,nlbmnnijcnlegkjjpcfjclmcfggfefdm/index.html#/,Other,
jackneedham9494@gmail.com,,,edfenergy.com,,https://my.edfenergy.com/login/pwdorotp,Other,
jackneedham9494@gmail.com,jackneedham,,tradinglite.com,,https://tradinglite.com/signup,Other,
jackneedham9494@gmail.com,,,rockgympro.com,,rockgympro.com,Other,
jackneedham9494@gmail.com,,,tumblr.com,,https://www.tumblr.com/reset_password/29768508/7d73dbc9add7ba9101c847f00d8e004db005e031,Other,
jackneedham9494@gmail.com,,,service.gov.uk,,https://www.access.service.gov.uk/registration/set-account-recovery,Other,
jackneedham9494@gmail.com,TheBearWithWings,,ea.com,,https://signin.ea.com/p/web2/resetPassword,Other,
jackneedham9494@gmail.com,,,callofduty.com,,https://profile.callofduty.com/cod/login,Other,
jackneedham9494@gmail.com,,,towerhamlets.gov.uk,,https://forms.towerhamlets.gov.uk/authapi/auth,Other,
jackneedham9494@gmail.com,Jackn9494,,stanford.edu,,https://continuingstudies.stanford.edu/student/create-account#step_2,Other,
jackneedham9494@gmail.com,,,coins.ph,,https://app.coins.ph/welcome/signup,Other,
jneedham9494@gmail.com,,,domssub.co.uk,,,Other,
jackneedham9494@gmail.com,,,sainsburys.co.uk,,https://account.sainsburys.co.uk/gol/register/eyJhbGciOiJIUzI1NiJ9.eyJzdWIiOiJqYWNrbmVlZGhhbTk0OTRAZ21haWwuY29tIiwianRpIjoiY2FiYjlkODUtZGVjOS00ODRkLWFhYWQtODdhZTM2YzgwMzVkIiwiaWF0IjoxNjExODY5NjY3LCJleHAiOjE2MTE4ODQwNjd9.qWNG5t8yttFsd6mlPxtXnqwDLXTV1Q8Fw_eERp4sD6w,Other,
jneedham@ripple.com,,,ADP,,,Other,
breakfast_in_bed_,,,like,,,Other,
jackneedham9494@gmail.com,,,PayPal,,,Other,
jackneedham9494@gmail.com,,,minecraft.net,,https://my.minecraft.net/en-us/store/minecraft/,Other,
jackneedham9494@gmail.com,,,pocket cast,,,Other,
jackneedham9494@gmail.com,,,steampowered.com,,steampowered.com,Other,
,,,youngs ontap,,,Other,
jackneedham9494@gmail.com,,,eonnext.com,,https://www.eonnext.com/dashboard/login,Other,
jackneedham9494@gmail.com,,,silverstone.co.uk,,https://account.silverstone.co.uk,Other,
jn9494,,,ra.co,,https://ra.co/login-forgotpass.aspx,Other,
jneedham9494@gmail.com,,,ra.co,,https://ra.co/reset-password,Other,
metamask,,,nkbihfbeogaeaoehlefnkodbefgpgknn,,nkbihfbeogaeaoehlefnkodbefgpgknn/home.html,Other,
j*****@gmail.com,,,linkedin.com,,https://www.linkedin.com/login,Social Media,
jackneedham9494@gmail.com,,,patientaccess.com,,https://account.patientaccess.com/Registration,,
jackneedham9494@gmail.com,,,recova-19.com,,https://boots.recova-19.com/identity/register/3cce0ad6-e13a-4e1d-3927-08d878cf2891,,
jackneedham9494@gmail.com,,,boots.com,,https://www.boots.com/webapp/wcs/stores/servlet/BootsLogonForm,,
jneedham@ripple.com,,,one-angelcourt.com,,https://one-angelcourt.com,,
jackneedham9494@gmail.com,,,,,https://fatsoma.com,,
jackneedham9494@gmail.com,,,visionexpress.com,,https://www.visionexpress.com/my-account/create,,
jackneedham9494@gmail.com,,,,,https://garmin.com,,
jackneedham9494@gmail.com,,,expresstest.co.uk,,https://booking.expresstest.co.uk/login,,
jneedham9494@gmail.com,,,kaboodle.co.uk,,https://account.kaboodle.co.uk/changepassword,,
jackneedham9494@gmail.com,,,,,https://account.kaboodle.co.uk/login,Other,
jneedham@ripple.com,,,cwt,,,,
jackneedham9494@gmail.com,,,,,https://reg.web.tflcc.co.uk/TFL.LRUC.AccountAuth/S1,,
jackneedham9494@gmail.com,,,,,riot games,,
jackneedham9494@gmail.com,,,easyjet.com,,https://www.easyjet.com,,
jackneedham9494@gmail.com,,,login.nhs.uk,,https://access.login.nhs.uk/log-in-password,,
jackneedham9494@gmail.com,,,eonenergy.com,,https://www.eonenergy.com/login/password,Other,
jneedham9494@gmail.com,900051683832,,,,https://login.thameswater.co.uk/identity.thameswater.co.uk/b2c_1_tw_website_signin/oauth2/v2.0/authorize,Other,
jackneedham9494@gmail.com,,,randoxhealth,,,,
jackneedham9494@gmail.com,,,venmo.com,,https://venmo.com,,
jneedham@ripple.com,,,sequoia.com,,https://sequoia.com,,
jackneedham9494@gmail.com,,,,,https://www.ticketmaster.co.uk/user/events,Other,
,,,,,https://verizonwireless.com,,
jackneedham9494@gmail.com,,,sfsymphony.org,,https://www.sfsymphony.org/Cart/Login,,
jackneedham9494@gmail.com,,,,,https://tix.axs.com/BTg4EgAAAABCzFR1AgAAAADk%2fv%2f%2f%2fwD%2f%2f%2f%2f%2fC0dvbGRlbnZvaWNlAP%2f%2f%2f%2f%2f%2f%2f%2f%2f%2f/shop/signup,Other,
liqualitywallet,,,liquality.io,,https://liquality.io,,
jackneedham9494@gmail.com,,,https://fantasy.espn.com,,,,
jackneedham9494@gmail.com,,,youtube.com,,http://youtube.com,Other,
jackneedham9494@gmail.com,,,vodafone.co.uk,,https://login.vodafone.co.uk/password,Other,
jneedham@ripple.com,,,,,https://app.confermapay.com/Security.aspx,,
jackneedham9494@gmail.com,,,disney.com,,,,
jack_meme_only,,,instagram.com,,https://instagram.com,,
jack_memes_only,,,,,https://Instagram.com,,
jackneedham9494@gmail.com,,,mlb.com,,https://mlb.com,,
jneedham@ripple.com,,,github.com,,https://github.com,,
jackneedham9494@gmail.com,,,ca.gov,,https://ca.gov,,
jackneedham9494@gmail.com,,,uber.com,,https://uber.com,Other,
jneedham@ripple.com,jneedham@ripple.com,,solium.com,,https://solium.com,Other,
jackneedham9494@gmail.com,,,mycusthelp.com,,https://mycusthelp.com,,
jackneedham9494@gmail.com,,,binance.com,,https://binance.com,Other,
jackneedham9494@gmail.com,,,ubisoft.com,,https://ubisoft.com,,
jackneedham9494@gmail.com,,,oracle.com,,https://oracle.com,Other,
jackneedham9494@gmail.com,,,paradoxplaza.com,,https://accounts.paradoxplaza.com/signup,,
jackneedham9494@gmail.com,,,coinbase.com,,https://coinbase.com,Other,
jackneedham9494@gmail.com,,,tixr.com,,https://tixr.com,,
jackneedham9494@gmail.com,,,directdash,,https://directdash,,
jackneedham9494@gmail.com,,,hbonow.com,,https://hbonow.com,,
jackneedham9494@gmail.com,,,perkville.com,,https://jccsf.perkville.com/,,
jackneedham9494@gmail.com,,,superautopets,,https://superautopets,,
jneedham@ripple.com,103477,,money2020.com,,https://connect.money2020.com/money2020usa/event-login,,
jackneedham9494@gmail.com,,,getmeadow.com,,https://getmeadow.com,,
king_tim@hotmail.co.uk,,,netflix.com,,https://www.netflix.com/login,Other,
jackneedham9494@gmail.com,,,dbrand.com,,https://dbrand.com,,
jackneedham9494@gmail.com,,,joelycett.com,,https://watch.joelycett.com/account/login,,
jneedham9494,,,kaiserpermanente.org,,https://healthy.kaiserpermanente.org,,
jackneedham9494@gmail.com,,,,,https://www.channel4.com/sign-in,Other,
jack_needs_ham,,,instagram.com,,https://www.instagram.com/accounts/remove/request/temporary/,,
britinthebay,,,snap,,,,
jackneedham9494@gmail.com,BQN21805,,,,https://www.united.com/en/us/traveler/choose-travelers,,
28073351,,,britishairways.com,,https://www.britishairways.com/travel/emailvalidate/public/en_gb,Other,
jackneedham9494@gmail.com,,,marksandspencer.com,,https://marksandspencer.com,Other,
jackneedham9494@gmail.com,,,microsoft.com,,https://microsoft.com,Other,
jackneedham9494@gmail.com,,,macys.com,,https://www.macys.com/account/createaccount?oca=20_OrOd%2FixqCHAYl8LmNDgPaffhP1jJPzbwjqSOflWZxsXAVaeijW09xG61%2FcG11YWE&cm_mmc=OpsEmail-_-604_profile_activate-_-activate_now-_-MB&m_sc=em&m_sb=OpsEmail&m_tp=1A&m_cn=604_profile_activate&m_pi=MB&m_l=activate_now&m_s=OES-COM6041AMCOM032223&cm_lm_mo64=amFja25lZWRoYW05NDk0QGdtYWlsLmNvbQ==,,
jackneedham9494@gmail.com,,,crunchyroll.com,,https://www.crunchyroll.com/welcome/register?referrer=newweb_organic_watch_modal&selected_sku=cr-fan-membership-freetrial-1&return_url=https%3A%2F%2Fwww.crunchyroll.com%2Fwatch%2FG8WUNMMMW%2Fattack-on-titan-final-season-the-final-chapters-special-1,,
jneedham,,,ripple.com,,https://prov-portal.xctest.i.ripple.com/login,Other,
jackneedham9494@gmail.com,,,clippercard.com,,https://clippercard.com,,
jackneedham9494@gmail.com,,,notion.so,,https://www.notion.so/749cd8e5baa8417384faacb4ea32dd67?v=1042f74afe1c41d5a01dc5a805adeb09,,
jackneedham9494@gmail.com,,,codecademy.com,,https://codecademy.com,,
Bearwithwings,,,marvelsnapzone.com,,https://marvelsnapzone.com/login/,,
4152644501,,,verizon.com,,https://verizon.com,,
jackneedham9494@gmail.com,,,janeapp.com,,https://marinacounseling.janeapp.com/verification_code,,
jackneedham9494@gmail.com,,,jccsf,,https://jccsf,,
jackneedham9494@gmail.com,,,guardiananytime.com,,https://www.guardiananytime.com/registration/member,,
jackneedham9494,,,guardiananytime.com,,https://www.guardiananytime.com/app3SR/wps/portal/!ut/p/z1/hZLLbsIwEEW_pYtsGafhEbqLSkVFodBAKfEGmWQIlvySY5LC19egLroowcvxvefOjA0UNkAVq3nJHNeKCcggo4Pt7GMUh2H8OB2PBoQki_E86c1ew_m6B5-SfXPJz1jAEijQmmOz11ZClmtpBDpcoCq4KlMseeXsFRyQ3NhUC6zWTPCCObxYudfznLuZLtAnO3u8lll-sWwVk9gKfdbKWS0EWj9FRvt_uo7SEUmGk_HLqhuSYTiAr3sC6q_JjZOQX3-LgN7Lp_ciaDujCxOgpdA7_0h-3ETtorgEanGPFm3naH354JypngISkKZpOuWR2YIzxdTJcYkdv8qAMGOiZeoFpgqI0db9jzvoysHmBuW6jdZPYuSkfu_V57dpP41PkahPycMPnxs-Sg!!/#Z7_MQD81182LGD700APGOA5MH1OV5,,
61390664413,,,slc.co.uk,,https://logon.slc.co.uk/welcome/secured/login-secret-answer,Other,
jackneedham9494@gmail.com,,,nintendo.com,,https://nintendo.com,,
vaguest_criollo.0n@icloud.com,,,marvelsnap.pro,,https://marvelsnap.pro/login/,,
JNeedham@RippleUK,,,adp.com,,https://adp.com,Other,
jackneedham9494@gmail.com,,,scottishwidows.co.uk,,https://personal.secure.scottishwidows.co.uk/register/set-up/,,
.,,,okta.com,,https://ripple.okta.com,,
jackneedham9494@gmail.com,,,uktvplay.co.uk,,https://uktvplay.co.uk/account/update-password?token=b81afaee-36c2-4726-afc1-39cddb656a93,,
jackneedham9494@gmail.com,,,paypal.com,,https://www.paypal.com/signin,,
jackneedham9494@gmail.com,,,epicgames.com,,https://www.epicgames.com/id/login/reset-password,,
jackneedham9494+japan@gmail.com,,,nintendo.com,,https://nintendo.com,,
jackn9494,,,ca.gov,,https://ftb.ca.gov,,
jackneedham9494@gmail.com,,,,,https://account.blizzard.com/security,Other,
jackneedham9494@gmail.com,,,hasbrorisk.com,,https://hasbrorisk.com,,
302847835182,,,service.gov.uk,,https://www.access.service.gov.uk/login/signin/creds,,
jneedhamripple,,,naviabenefits.com,,https://app.naviabenefits.com,,
jackneedham9494@gmail.com,,,arena.net,,https://account.arena.net/password-reset/confirm,,
BearWithWingsPBE,,,leag,,https://www.leagueoflegends.com/,,
jneedham9494,,,gradintel.com,,https://gradintel.com/index.php/en/activation,,
TheBearWithWings,,,leagueoflegends.com,,https://www.leagueoflegends.com/,,
jackneedham9494@gmail.com,,,factor75.com,,https://www.factor75.com/signup/FJ-CBT6-10-1-0?c_comms=PERCENT&cartId=cb074b5c-484e-440e-a083-1efe974c291c&discountcode=theyard50&show=theyard&vs_campaign_id=07a8da85-76a7-4540-8dc1-4e6861f6b4c8,,
jackneedham9494@gmail.com,,,netflix,,https://netflix.com,,
jackneedham9494@gmail.com,,,rockstargames.com,,https://signin.rockstargames.com/signin/user-form,,
jackneedham9494@gmail.com,,,playstation.com,,playstation.com,Other,
jackneedham9494@gmail.com,,,sony.com,,https://sony.com,Other,
jackneedham9494@gmail.com,,,go.com,,https://go.com,,
jackneedham9494@gmail.com,,,Larian,,https://larian.com/,,
jackneedham9494@gmail.com,,,xphealth.co,,https://www.xphealth.co/sequoiatech/sign-up?token=ae36e25042b948f896e917b53ee149e8&link_id=eyJlbWFpbF9pZCI6ImRnU2FtQWNCQU15Q0VNdUNFQUdPZU41VGNGSC1TTXFKaTA1czBrdz0iLCJocmVmIjoiaHR0cHM6Ly93d3cueHBoZWFsdGguY28vc2VxdW9pYXRlY2gvc2lnbi11cD90b2tlbj1hZTM2ZTI1MDQyYjk0OGY4OTZlOTE3YjUzZWUxNDllOFx1MDAyNmxpbmtfaWQ9Q0lPLS1MSU5LSURcdTAwMjZ1dG1fY2FtcGFpZ249U1lTVEVNX1ZFUklGSUNBVElPTl9FTUFJTF9TSUdOVVBcdTAwMjZ1dG1fY29udGVudD1zaWdudXBfdmVyaWZpY2F0aW9uX2VtYWlsXHUwMDI2dXRtX21lZGl1bT1lbWFpbF9hY3Rpb25cdTAwMjZ1dG1fc291cmNlPWN1c3RvbWVyLmlvIiwiaW50ZXJuYWwiOiI5YTk4MDcwOGNiYWYwMWNjODIxMCIsImxpbmtfaWQiOjEwMTc3fQ__d8ea658882e77bf142ad75715d6d91e718f4c6a5bd82276ccda2e44a514f7115&utm_campaign=SYSTEM_VERIFICATION_EMAIL_SIGNUP&utm_content=signup_verification_email&utm_medium=email_action&utm_source=customer.io,,
jackneedham9494@gmail.com,,,coingecko.com,,https://www.coingecko.com/en/coins/dogecoin,Other,
jackneedham9494@gmail.com,,,login.gov,,https://secure.login.gov/sign_up/enter_password?confirmation_token=xTYUF_f5xfajpMTsH8zD,,
thebearwithwings94@gmail.com,,,google.com,,https://accounts.google.com/signin/v2/speedbump/changepassword/changepasswordform?TL=AEzbmxz2Nl_5nWQLxXYrodOB2jmj5U2uU6n1o-5cwf2bqrmAjCaoy9PPot9cYw4A&checkConnection=youtube%3A130&checkedDomains=youtube&continue=https%3A%2F%2Fmyaccount.google.com%2F&ddm=0&dsh=S-385749484%3A1710964960035611&flowEntry=AddSession&flowName=GlifWebSignIn&pstMsg=1&theme=mn,,
jackneedham9494@gmail.com,jackn9494,,gog.com,,https://www.gog.com/#,,
jackneedham9494@gmail.com,,,frontgatetickets.com,,https://frontgatetickets.com,,
thebearwithwingz,,,Bethesda,,https://accounts.bethesda.net/en/reset-password?t=8117e92dbebf455a94494de6ebf3c8f6,,
jackneedham9494@gmail.com,,,twitter.com,,https://twitter.com/i/flow/login,,
jackneedham9494@gmail.com,,,docusign.com,,https://account.docusign.com/forgotpassword?email=jackneedham9494%40gmail.com,,
jackneedham9494@gmail.com,,,,,https://wise.com,,
jackneedham9494@gmail.com,,,getpostman.com,,https://getpostman.com,Other,
jackneedham9494@gmail.com,,,itv.com,,https://www.itv.com/watch/user/signin,Other,
jackneedham9494@gmail.com,,,nexusmods.com,,https://users.nexusmods.com/auth/password/edit?reset_password_token=4bTqYxaNsSLqzUKdYiir&utm_campaign=password_reset&utm_medium=email&utm_source=nexusmods,,
JackNeedham9494,,,Americanexpress,,https://www.americanexpress.co.uk,,
BearWithWings,,,discord.com,,https://www.discord.com,,
jackneedham9494@gmail.com,,,discord.com,,https://discord.com,,
JackNeedham9494US,,,americanexpress.com,,https://www.americanexpress.com/en-gb/account/login,,
jackneedham9494@gmail.com,,,google.com,,https://accounts.google.com/v3/signin/challenge/pwd,Other,
jackneedham9494@gmail.com,,,creditkarma.com,,https://www.creditkarma.com/signup/link/intuit?experience=true&intent=gck2000000X,,
jackneedham9494@gmail.com,,,pwc.com,,https://digitalmarketsclaim.pwc.com/index.html,,
jackneedham9494@gmail.com,jackneedham9494,,fidelity.com,,https://nb.fidelity.com/public/nbpreloginnav/app/nurdomestic#/nurDomestic/dciCapture,,
jackneedham9494@gmail.com,,,marriott.com,,https://marriott.com,,
jackneedham9494@gmail.com,,,usvisa-info.com,,https://ais.usvisa-info.com/en-gb/iv/users/sign_in,,
jneedham@ripple.com,,,vialto.com,,https://myid.vialto.com/login,,
jackneedham9494@gmail.com,iaso0615,,bitstamp.net,,https://www.bitstamp.net/onboarding/login/,Other,
jackneedham9494@gmail.com,jackneedham9494,,intuit.com,,https://myturbotax.intuit.com/sign-up/,,
JackNeedhamRippleUS,,,adp.com,,https://adp.com,,
jneedham9494,,,kia,,https://healthy.kaiserpermanente.org/,,
BQN21805,,,united.com,,https://www.united.com/en/us/traveler/choose-travelers,,
jackm9494,,,steamcommunity.com,,https://steamcommunity.com,,
jackneedham9494@gmail.com,,,hauteflorist.co.uk,,https://www.hauteflorist.co.uk/register,,
jackneedham9494@gmail.com,jackneedham,,kraken.com,,https://www.kraken.com/sign-up,,
jackneedham9494@gmail.com,,,ftx.com,,https://ftx.com,Other,
jackusa94@gmail.com,,,proton.me,,https://account.proton.me/signup?plan=free&billing=12&ref=prctbl&minimumCycle=12&currency=USD&product=mail&language=en,,
jackneedham9494@gmail.com,,,nordaccount.com,,https://nordaccount.com/login/password,,
jackneedham9494@gmail.com,,,bbc.com,,https://account.bbc.com/signin,Other,
jackneedham9494@gmail.com,,,hbomax.com,,https://max.com,,
jackneedham9494@gmail.com,,,incogni.com,,https://incogni.com/password-reset?email=jackneedham9494%40gmail.com&token=1757275b-f06c-44af-95c8-d4465e680c92,,
jackneedham9494@gmail.com,,,Diabrowser,,https://www.diabrowser.com,,
jackneedham9494@gmail.com,,,Arc,,https://arc.net,,
jackneedham9494@gmail.com,,,live.com,,https://account.live.com/password/change?refd=account.microsoft.com&fref=home.banner.changepwd&uaid=1b435d5fa08f4fc7bb59d1c8b2654c3e,,
not_my_account_nsfw,,,reddit.com,,https://www.reddit.com/,,
jackneedham9494@gmail.com,,,linkedin.com,,https://linkedin.com,,
jackneedham9494@gmail.com,,,amazon.co.uk,,https://www.amazon.co.uk/ap/signin,,
jackneedham9494@gmail.com,,,hbomax.com,,https://auth.hbomax.com/login?flow=login,,
jackneedham9494@gmail.com,,,disneyplus.com,,https://www.disneyplus.com/reset-password,,
jneedham9494@gmail.com,,,economist.com,,https://myaccount.economist.com/s/login/,,
jackneedham9494@gmail.com,jackneedham9494@gmail.com,,,,https://www.grammarly.com/setnewpassword,Other,
jackneedham9494@gmail.com,,,sonos,,https://sonos,Other,
jackneedham9494@gmail.com,,,craigslist.org,,https://accounts.craigslist.org/pass?userid=401330659&key=290256185-P6GiZCon6s1kDJJYRrWFbfuN55a3cQ,,
jackneedham9494@gmail.com,,,facebook.com,,https://www.facebook.com/login/device-based/regular/login/,,
jackneedham9494@gmail.com,,,force.com,,https://jccsfcommunity.force.com/s/login/,,
thebearwithwings,,,twitch.tv,,https://www.twitch.tv/hasanabi,Other,
jackneedham9494@gmail.com,,,spotify.com,,https://accounts.spotify.com/en/login,Other,
jackneedham9494@gmail.com,,,ticketmaster.com,,https://ticketmaster.com,,
jackneedham9494@gmail.com,,,uniqlo.com,,https://uniqlo.com,,
jackneedham9494@gmail.com,,,xfinity.com,,https://xfinity.com,,
JackNeedhamColwyn,,,,,https://secure.bankofamerica.com/login/rest/sas/sparta/entry/boa/v1/registration,,
jackneedham9494@gmail.com,,,Pge,,https://myaccount.pge.com/,,
jackneedham9494@gmail.com,,,apple.com,,https://www.apple.com/,Other,
jneedham@ripple.com,,,secondmarket.com,,https://ripple.secondmarket.com/auth/sign_in,,
jackneedham9494@gmail.com,jneedham9494,,github.com,,https://github.com/login,Business,